
INSERT INTO `academiclevels` VALUES ('22e601d5-f679-4d9c-9dd3-b574f542b059','Sơ cấp nghề/ chứng chỉ học nghề ngắn hạn',3,'2023-05-27 09:58:00','2023-05-27 09:58:00'),('3f1357d5-20da-41d8-a9e1-7cb1c01acc4e','Cao đẳng nghề/ Cao đẳng chuyên  nghiệp',5,'2023-05-27 09:58:00','2023-05-27 09:58:00'),('3fbeed86-193a-4920-ad52-cd5abe69b868','Tiến sĩ',8,'2023-05-27 09:58:00','2023-05-27 09:58:00'),('5ab934f4-5727-4aee-a1cc-a973ef3c66d4','Đại học',6,'2023-05-27 09:58:00','2023-05-27 09:58:00'),('6bede364-f9a1-4b0f-b6b8-08e5014c4e96','Thạc sĩ',7,'2023-05-27 09:58:00','2023-05-27 09:58:00'),('744ae3b6-09dd-4599-8a3b-670a05862032','Không có trình độ chuyên môn kỹ thuật',1,'2023-05-27 09:58:00','2023-05-27 09:58:00'),('c694b870-5048-47b5-8551-797a1e45bdc5','Bằng nghề dài hạn/Trung cấp nghề/Trung cấp chuyên nghiệp',4,'2023-05-27 09:58:00','2023-05-27 09:58:00'),('e0f46599-aef4-4a37-8f74-6bf51a5c8c01','Chứng chỉ/Chứng nhận học nghề (dưới 3 tháng)',2,'2023-05-27 09:58:00','2023-05-27 09:58:00');
INSERT INTO `districts` VALUES ('0b6a43b1-b77b-4331-ae80-535119f9eee3','Huyện Nhà Bè',15,'2023-05-27 09:58:00','2023-05-27 09:58:00'),('17e77259-05ab-4f74-94c8-c95cbea7b6d5','Huyện Hóc Môn',14,'2023-05-27 09:58:00','2023-05-27 09:58:00'),('28adc5a0-cf39-44c2-92d5-3102ede0fc16','Quận Gò Vấp',1,'2023-05-27 09:58:00','2023-05-27 09:58:00'),('29f81b4e-fac1-458e-ac75-64c9b79249e8','Huyện Củ Chi',13,'2023-05-27 09:58:00','2023-05-27 09:58:00'),('380feb43-4a17-42ed-ab23-20a303264fcd','Quận 1',1,'2023-05-27 09:58:00','2023-05-27 09:58:00'),('39fb6542-8957-4395-a46e-c6ff2380b5fc','Huyện Bình Chánh',17,'2023-05-27 09:58:00','2023-05-27 09:58:00'),('3f1af54d-8317-4220-b0cd-c44cbbea6c59','Quận 4',4,'2023-05-27 09:58:00','2023-05-27 09:58:00'),('404cebba-f747-4fa3-9d87-ed2a2aa9d80d','Quận 5',5,'2023-05-27 09:58:00','2023-05-27 09:58:00'),('4e5dea24-4131-4574-b59b-1c307de4299a','Quận Tân Bình',22,'2023-05-27 09:58:00','2023-05-27 09:58:00'),('5490c15b-a60a-4df5-a9e5-0aa37c343951','Huyện Cần Giờ',16,'2023-05-27 09:58:00','2023-05-27 09:58:00'),('5fe53b9f-06e8-48f9-8344-78859988a864','Quận 6',6,'2023-05-27 09:58:00','2023-05-27 09:58:00'),('67e583d4-a406-4330-a1fe-a738a73a5b1e','Quận Tân Phú',21,'2023-05-27 09:58:00','2023-05-27 09:58:00'),('8109c180-dffe-4b46-9b8a-ec73a64ba2e3','Quận Bình Tân',23,'2023-05-27 09:58:00','2023-05-27 09:58:00'),('837558c0-2a98-4931-bce1-cc55ddab410f','Quận 11',11,'2023-05-27 09:58:00','2023-05-27 09:58:00'),('87f50d0c-3ff0-4f56-b057-4d508b6e3661','Quận 2',2,'2023-05-27 09:58:00','2023-05-27 09:58:00'),('8a1366ea-f85f-4f66-af8d-45c340bc02d9','Quận 12',12,'2023-05-27 09:58:00','2023-05-27 09:58:00'),('8ddba309-1f3f-4379-9bab-63b7e587007a','Thủ Đức',20,'2023-05-27 09:58:00','2023-05-27 09:58:00'),('92e00b0a-51e9-4689-a42e-9b2b5c97734f','Quận 7',7,'2023-05-27 09:58:00','2023-05-27 09:58:00'),('98eff4ae-110e-4800-8b36-b92048e9d02a','Quận 8',8,'2023-05-27 09:58:00','2023-05-27 09:58:00'),('9d35b390-e5e1-4cc1-a139-04fe68124768','Quận 9',9,'2023-05-27 09:58:00','2023-05-27 09:58:00'),('d4b8889f-2bbe-45f9-8344-10e556a5d06c','Quận Phú Nhuận',19,'2023-05-27 09:58:00','2023-05-27 09:58:00'),('d7ef94b2-02d0-402d-81c2-91914cdb38d5','Quận 10',10,'2023-05-27 09:58:00','2023-05-27 09:58:00'),('e8a37f58-7def-4b0c-9e51-1fc06d0e2304','Quận Bình Thạnh',18,'2023-05-27 09:58:00','2023-05-27 09:58:00'),('ffbabc5a-8442-4843-ab6c-2fc7847efe52','Quận 3',3,'2023-05-27 09:58:00','2023-05-27 09:58:00');
INSERT INTO `careers` VALUES ('06a6e471-e773-4747-aa5c-e05fbc1ecf61','Giáo dục / Đào tạo','2023-05-27 09:58:00','2023-05-27 09:58:00'),('09f9d8cf-d01c-4623-9507-7844c89828e8','Xây dựng','2023-05-27 09:58:00','2023-05-27 09:58:00'),('150b546c-573d-466f-8484-c6905826689f','May mặc','2023-05-27 09:58:00','2023-05-27 09:58:00'),('1a3d7eeb-3d81-400d-b7b5-a3597a636cb7','Chứng khoán','2023-05-27 09:58:00','2023-05-27 09:58:00'),('1f543c71-6d8e-428d-a9e5-a2fe32853ce1','CNTT - Phần mềm','2023-05-27 09:58:00','2023-05-27 09:58:00'),('202e11d4-52b2-4ecf-aac5-43b32bc80ec0','Quản lý chất lượng (QA/QC)','2023-05-27 09:58:00','2023-05-27 09:58:00'),('2acac244-516f-46f2-8848-d96c47312206','Nhà hàng / Khách sạn','2023-05-27 09:58:00','2023-05-27 09:58:00'),('330f2540-0554-46cd-b16f-1b1738503078','Tiếng Nhật','2023-05-27 09:58:00','2023-05-27 09:58:00'),('45bfef2b-15e1-4408-92c9-60b452f61cb8','Hàng hải / Hàng không','2023-05-27 09:58:00','2023-05-27 09:58:00'),('4d953e62-f68e-4e9c-bae4-21c278ef1bd1','An Ninh / Bảo Vệ','2023-05-27 09:58:00','2023-05-27 09:58:00'),('4db0fb87-6877-4df7-ae74-ca30df94ea73','Sản xuất / Vận hành sản xuất','2023-05-27 09:58:00','2023-05-27 09:58:00'),('5acee305-0ebb-4900-a6a0-2df4ae0d7b0a','Tài chính / Đầu tư','2023-05-27 09:58:00','2023-05-27 09:58:00'),('63cfd826-bb10-4235-9cda-73a71f335e5e','Vệ sinh công nghiệp','2023-05-27 09:58:00','2023-05-27 09:58:00'),('64070738-8569-48e9-a9de-f31bc5515622','Thể dục - thể thao','2023-05-27 09:58:00','2023-05-27 09:58:00'),('66fe7124-6bcb-467e-a384-bbc73991ee1d','Mỹ thuật / Kiến trúc / Thiết kế','2023-05-27 09:58:00','2023-05-27 09:58:00'),('67deabe0-22dc-4559-843b-433bdfec71ef','Công nghệ sinh học','2023-05-27 09:58:00','2023-05-27 09:58:00'),('6acb2635-6b6c-4ebe-ac85-c35ffd2b2ce3','Lái xe','2023-05-27 09:58:00','2023-05-27 09:58:00'),('72148224-2f33-47e2-b3bd-e03242091e12','An toàn lao động','2023-05-27 09:58:00','2023-05-27 09:58:00'),('7613abd5-0fa9-4b33-b6c7-42dad5243bc6','Y tế / Chăm sóc sức khỏe','2023-05-27 09:58:00','2023-05-27 09:58:00'),('76a40713-7340-4eba-8798-975e0d17a56a','Bán hàng','2023-05-27 09:58:00','2023-05-27 09:58:00'),('77ea6620-6fd3-440f-98e1-df08c818ceda','Công nghệ thực phẩm / Dinh dưỡng','2023-05-27 09:58:00','2023-05-27 09:58:00'),('7886b862-63e2-4398-b122-71516325b7f2','In ấn / Xuất bản','2023-05-27 09:58:00','2023-05-27 09:58:00'),('7918613c-a680-4341-843b-9d8af2e68c82','Truyền Hình / Quảng Cáo Marketing','2023-05-27 09:58:00','2023-05-27 09:58:00'),('86c45c48-94c4-4f7f-a4e8-776cfd120c12','Spa & Massage','2023-05-27 09:58:00','2023-05-27 09:58:00'),('885abbce-60d7-4712-aa84-d2b73f7f2351','Biên phiên dịch','2023-05-27 09:58:00','2023-05-27 09:58:00'),('8c83b190-db7d-42f7-9079-106f8101cbeb','Bưu chính viễn thông','2023-05-27 09:58:00','2023-05-27 09:58:00'),('9537c415-f66d-497a-bd94-7690b96df724','Kinh doanh','2023-05-27 09:58:00','2023-05-27 09:58:00'),('9658793d-b0d8-4d40-bf51-3e70a880c049','Tổ Chức Sự Kiện / Du Lịch','2023-05-27 09:58:00','2023-05-27 09:58:00'),('976aa545-a6b2-4f20-b889-1ab684c30751','CNTT - Phần cứng / Mạng','2023-05-27 09:58:00','2023-05-27 09:58:00'),('98ac57eb-b669-48f5-981a-bccf8df015b1','Tư vấn / Chăm Sóc Khách Hàng','2023-05-27 09:58:00','2023-05-27 09:58:00'),('9c949506-cd29-4075-8b6f-99f4d5b83f9c','Vận chuyển / Giao nhận / Kho vận','2023-05-27 09:58:00','2023-05-27 09:58:00'),('a6abd250-feb7-4ccd-84de-0ef01681ec74','Lao Động Phổ Thông','2023-05-27 09:58:00','2023-05-27 09:58:00'),('a7ed77ff-485d-4853-93fe-e32307e37d81','Nông - Lâm - Thủy Sản','2023-05-27 09:58:00','2023-05-27 09:58:00'),('b5d82427-bfc0-4cda-b241-2169f0520bae','Ngành khác','2023-05-27 09:58:00','2023-05-27 09:58:00'),('ba35a598-c89d-4e5c-8220-c2a2b018b4e7','Bảo hiểm','2023-05-27 09:58:00','2023-05-27 09:58:00'),('bc851a28-adad-4a2e-8b9b-359be51899dc','Điện / Điện tử / Điện lạnh','2023-05-27 09:58:00','2023-05-27 09:58:00'),('c7d806de-6080-4975-9913-31556371b07e','Hành chính / Văn Phòng','2023-05-27 09:58:00','2023-05-27 09:58:00'),('c86367d0-3cbd-4a6c-a029-7d22089252dc','Bất động sản','2023-05-27 09:58:00','2023-05-27 09:58:00'),('cba243df-c0bd-4e8f-ae11-a577f290f375','Nhân sự','2023-05-27 09:58:00','2023-05-27 09:58:00'),('d0561582-820d-43df-88d5-2ca83973dbcf','Du lịch','2023-05-27 09:58:00','2023-05-27 09:58:00'),('d540660c-f7fb-4a3d-a1e6-1de5f8cd783c','Công nhân','2023-05-27 09:58:00','2023-05-27 09:58:00'),('f13354fc-875b-4c37-b7b0-e1552fff6af8','Kế toán / Kiểm toán','2023-05-27 09:58:00','2023-05-27 09:58:00'),('f190de13-8663-4cc2-a339-57598afa1106','Ngân hàng','2023-05-27 09:58:00','2023-05-27 09:58:00'),('f1bdc78a-f372-469d-a2a4-72c7e1ebd035','Nội ngoại thất','2023-05-27 09:58:00','2023-05-27 09:58:00'),('f37a733b-dbe9-49fa-9bd6-32ac56db6bfa','Luật / Pháp lý','2023-05-27 09:58:00','2023-05-27 09:58:00'),('f9fe2852-fb83-4653-bd70-205d70de6be6','Cơ khí / Ô tô / Tự động hóaworkingtypes','2023-05-27 09:58:00','2023-05-27 09:58:00'),('fb559325-1ac9-4178-aff4-f8f89a1c065e','Lễ tân','2023-05-27 09:58:00','2023-05-27 09:58:00');
INSERT INTO `positions` VALUES ('33b02fbe-b053-4765-a0c2-56d66ffd6971','Nhân viên/Công nhân',2,'2023-05-27 09:58:00','2023-05-27 09:58:00'),('5ad87bd9-b5d9-45f4-9595-8efa2148c2b3','Giám đốc',6,'2023-05-27 09:58:00','2023-05-27 09:58:00'),('5d45bb5e-59ca-4616-a9d6-81f68e06c808','Phó giám đốc',5,'2023-05-27 09:58:00','2023-05-27 09:58:00'),('73be7353-1b27-4a2d-876a-2f0fd4020879','Trưởng nhóm/giám sát',3,'2023-05-27 09:58:00','2023-05-27 09:58:00'),('7564a4cd-2245-4735-85df-bbc211d7a7f9','Mới tốt nghiệp/Thực tập',1,'2023-05-27 09:58:00','2023-05-27 09:58:00'),('a441e712-a6c6-4abf-94d3-fe31d7e78c4e','Trưởng phòng/Kế toán trưởng',4,'2023-05-27 09:58:00','2023-05-27 09:58:00');
INSERT INTO `workingtypes` VALUES ('392b5b66-e8d1-41bf-9163-b2c84800ed95','Theo ca',1,'2023-05-27 09:58:00','2023-05-27 09:58:00'),('ada023c2-bb70-4719-af38-9ed435e2da10','Hành chính',1,'2023-05-27 09:58:00','2023-05-27 09:58:00'),('fa1040fb-5dce-4e97-a78d-589e2943b5d3','Theo công việc',1,'2023-05-27 09:58:00','2023-05-27 09:58:00');

INSERT INTO `candidates` VALUES ('95fc102e-f21b-44d4-bd19-e370b56e8e05','Cấn Đức Quang',21,'https://res.cloudinary.com/diiwznxk1/image/upload/v1686790553/vieclam/ca4wh3bvmcva0cz6kho9.jpg','https://res.cloudinary.com/diiwznxk1/image/upload/v1686790525/vieclam/wvhe4keaeyqkvdcgvwk0.jpg','0908753959','quangbruh123@gmail.com','123/11A XVNT',0,0,'6bede364-f9a1-4b0f-b6b8-08e5014c4e96','7564a4cd-2245-4735-85df-bbc211d7a7f9','079202025679','2023-06-15 07:55:55','2023-06-15 07:55:55');
INSERT INTO `candidatecareers` VALUES ('95fc102e-f21b-44d4-bd19-e370b56e8e05','1f543c71-6d8e-428d-a9e5-a2fe32853ce1','2023-06-15 07:55:55','2023-06-15 07:55:55');
INSERT INTO `candidatedistricts` VALUES ('95fc102e-f21b-44d4-bd19-e370b56e8e05','380feb43-4a17-42ed-ab23-20a303264fcd','2023-06-15 07:55:55','2023-06-15 07:55:55'),('95fc102e-f21b-44d4-bd19-e370b56e8e05','92e00b0a-51e9-4689-a42e-9b2b5c97734f','2023-06-15 07:55:55','2023-06-15 07:55:55');



INSERT INTO `companies` VALUES ('a16e46ec-4c49-4632-a7af-b0bfe9409660','Netcompany','https://res.cloudinary.com/diiwznxk1/image/upload/v1686756574/vieclam/jdzvv5p9wpsx2wcy3dj4.gif','canducquang1201@gmail.com','0792020256','26 Ung Văn Khiêm, TP Hồ Chí Minh','<h2><strong>PART OF A GLOBAL SUCCESS</strong></h2><p class=\"ql-align-justify\"><strong>Netcompany&nbsp;</strong>was founded in 2000 and has its headquarters in Copenhagen, Denmark. Today, we are an international company with more than 6,500 employees working from 17 countries. We serve a wide array of customers in their digital transformation journeys in public and private sectors across Europe<strong>.&nbsp;</strong>We have strong and dedicated teams in Ho Chi Minh City, and you will have the opportunity to work with some of the most skilled Developers in Vietnam.</p><p class=\"ql-align-justify\">In&nbsp;<strong>Netcompany&nbsp;</strong>we are a unique community with a strong culture, which we nourish and cherish. We emphasize that the social aspect of work life is very important, and you probably will not find another place in the sector where it is as integrated a part of the company’s DNA and learn from the best across the countries.</p><p class=\"ql-align-justify\"><br></p><h2><strong>COMPANY WAY</strong></h2><p class=\"ql-align-justify\">As an employee in&nbsp;<strong>Netcompany&nbsp;</strong>you will also benefit from the internal knowledge-based communities, Center of Excellence. This covers a wide range of different groups, from specific technologies, project management, methodology to name a few. Combined, they offer the chance to learn from the best across the different countries.</p><p class=\"ql-align-justify\"><br></p><h2><strong>VISION</strong></h2><p>The leading digital challenger in Europe.</p><p><br></p><h2><strong>PURPOSE</strong></h2><p>Sustainable, prosperous societies driven by digitization.</p><p><br></p><h2><strong>IDEAL CANDIDATE</strong></h2><p>We are looking for talented Candidates to work with international Customers. You will be a part of effective Scrum teams and develop and study modern technologies.</p>','1000 - 4999 nhân viên','2023-06-14 22:31:30','2023-06-14 22:37:43'),('a1d5b6f2-d78d-4eae-9d1d-b7610bb9db62','Công ty TNHH MTV Chatte','https://res.cloudinary.com/diiwznxk1/image/upload/v1686790342/vieclam/ttmbm1ppxmrscc7cg8se.jpg','quangbruh123@gmail.com','908753959','123/11A XVNT','<p>ASKJDHA</p>','120 công ty, 120 nhân viên','2023-06-15 07:52:33','2023-06-15 07:52:33'),('bc74374d-d4e7-4d84-ace0-135d028b1aa7','VNG Corporation','https://res.cloudinary.com/diiwznxk1/image/upload/v1686756389/vieclam/aooe8ydgawfkbgeblrno.png','20520716@gm.uit.edu.vn','0908753959','VNG Campus Z06 Đường số 13, Phường Tân Thuận Đông, Quận 7, Thành phố Hồ Chí Minh','<h2><strong>COMPANY INTRODUCTION</strong></h2><p>Established in 2004, VNG is proudly the first unicorn in Vietnam with more than 3100 employees working in 5 countries.</p><p>Each day, millions of young Vietnamese entertain, connect, make friends and engage in social activities through VNG products such as Online Games (VLTK Mobile, Crossfire...), Platform (Zalo, Zing News), Payment (ZaloPay) and Cloud Service, which stands as an ample testimony to how VNG creates value for the society.&nbsp;</p><p><br></p><h2><strong>OUR MISSION</strong></h2><p>After 15 years \"Embracing challenges\", VNG has now moved towards a greater mission: \"Build Technologies and Grow People. For a better life\".</p><p>Staying true to \"embracing challenges\" spirit, we always seek to break the boundaries to deliver the cutting-edge products that are changing the way millions of people use technology. On top of that, human development is the foremost goal that VNG is always after to guarantee our success.</p><p><br></p><h2><strong>OUR CORE VALUE</strong></h2><p>There are 3 core values of VNG\s success:</p><p><strong>Embracing challenges</strong>: We always strive to go beyond all limits to overcome the challenges and, in doing so, continuously transform ourselves to the next level.&nbsp;</p><p><strong>Advancing Partnership</strong>: VNG believes that challenges are to be conquered when we join hands together.&nbsp;</p><p><strong>Upholding Integrity</strong>: Cultivating trust, transparency and integrity in every action is the best way to take us further on the path of integration.</p><p><br></p><h2><strong>OUR CULTURE</strong></h2><p>Open, friendly and extremely dynamic working environment are top-of-mind keywords for anyone when reflecting on VNG culture. Besides, VNG also offers many training workshops and mental healthcare for each Starter to enjoy their life at VNG.</p>','Trên 5000 nhân viên','2023-06-14 22:26:31','2023-06-14 22:36:21'),('c7272f17-cefd-4f15-a462-7ff02c1d90a3','FPT Software','https://res.cloudinary.com/diiwznxk1/image/upload/v1686755661/vieclam/waynwbhup3bi8sxlcjeo.jpg','quangbruh123@gmail.com','0908753959','Tòa nhà FPT Cầu Giấy, Phố Duy Tân, Quận Cầu Giấy, TP. Hà Nội','<p><span style=\"background-color: rgb(250, 250, 250); color: rgb(51, 51, 51);\">Thành lập từ năm 1988 đến nay với 3 Trụ sở chính FPT Software đặt tại Việt Nam và một số nước trên toàn thế giới như Hoa Kỳ, Nhật Bản, Malaysia, Đức, Úc, Singapore, Malaysia, Thái Lan và Phillipines hiện FPT Software đáp ứng nhu cầu gia công phần mềm lớn cho hơn 150 công ty hàng đầu tại 20 quốc gia lớn nhất trên thế giới hiện nay với các hợp đồng lớn có khi đạt cả 1 triệu USD dành cho một số đối tác lớn như Hitachi, NEOPOST, Petronas, Deutsche Bank, và Unilever với hơn 4000 nhân viên trên toàn thế giới.</span></p><p><br></p><p><span style=\"background-color: rgb(250, 250, 250); color: rgb(51, 51, 51);\">FPT Software theo đuổi mục tiêu gia công phần mềm để đáp ứng cho nhu cầu phát triển CNTT của các hãng phần mềm trong nước, các công ty lớn trong nước và tham vọng hơn là xuất khẩu phần mềm trên toàn thế giới cho các công ty nước ngoài biết đến tập đoàn FPT, mục đích chính là vươn đến tầm cao mới thông qua công nghệ nhằm nâng cao năng suất lao động</span></p><p><br></p><p><span style=\"background-color: rgb(250, 250, 250); color: rgb(51, 51, 51);\">Đến với FPT Software, nhân viên được phép phát huy tối đa khả năng sáng tạo, nỗ lực đưa các sáng tạo vào các giải pháp công nghệ thông tin nhằm nắm bắt các cơ hội đổi mới và phát triển nhằm đạt được mục tiêu chung của tập đoàn là OneFPT - Công ty xuất khẩu phần mềm hàng đầu tại Việt Nam</span></p><p><br></p><p><span style=\"background-color: rgb(250, 250, 250); color: rgb(51, 51, 51);\">Kinh doanh của FPT Sofware xuất phát từ Công nghệ thông tin và&nbsp;</span><a href=\"http://fpt.center/\" rel=\"noopener noreferrer\" target=\"_blank\" style=\"background-color: rgb(250, 250, 250); color: rgb(0, 51, 0);\"><strong>Viễn Thông FPT</strong></a><span style=\"background-color: rgb(250, 250, 250); color: rgb(51, 51, 51);\">&nbsp;là cốt lõi để đáp ứng cho khách hàng trên 63 tỉnh thành trên toàn lãnh thổ Việt Nam và mở rộng đến khách hàng toàn cầu. Từ khi được thành lập cho đến nay, FPT Software đã là công ty phần mềm số 1 tại Việt Nam trong lĩnh vực tích hợp hệ thống, phân phối và bán lẻ, dịch vụ Công Nghệ Thông tin, xuất khẩu gia công phần mềm, bán lẻ sản phẩm CNTT.</span></p><p><br></p><p><span style=\"background-color: rgb(250, 250, 250); color: rgb(51, 51, 51);\">Ỡ lĩnh vực Viễn Thông FPT là một trong 3 nhà cung cấp dịch vụ internet&nbsp;</span><a href=\"http://fpt.center/106-dang-ky-cap-quang-fpt-tphcm.html\" rel=\"noopener noreferrer\" target=\"_blank\" style=\"background-color: rgb(250, 250, 250); color: rgb(0, 51, 0);\"><strong>cáp quang FPT</strong></a><span style=\"background-color: rgb(250, 250, 250); color: rgb(51, 51, 51);\">&nbsp;hàng đầu tại Việt Nam, Về lĩnh vực quảng cáo, FPT là đơn vị quảng cáo trực tuyến số 1 tại Việt Nam với trang báo điện tử VNExpress với hơn 42 triệu lượt truy cập mỗi ngày.</span></p><p><br></p>','Trên 500 nhân viên','2023-06-14 22:14:26','2023-06-14 22:14:26');
INSERT INTO `companycareers` VALUES ('a16e46ec-4c49-4632-a7af-b0bfe9409660','1f543c71-6d8e-428d-a9e5-a2fe32853ce1','2023-06-14 22:37:43','2023-06-14 22:37:43'),('a16e46ec-4c49-4632-a7af-b0bfe9409660','976aa545-a6b2-4f20-b889-1ab684c30751','2023-06-14 22:37:43','2023-06-14 22:37:43'),('a1d5b6f2-d78d-4eae-9d1d-b7610bb9db62','4d953e62-f68e-4e9c-bae4-21c278ef1bd1','2023-06-15 07:52:33','2023-06-15 07:52:33'),('bc74374d-d4e7-4d84-ace0-135d028b1aa7','1f543c71-6d8e-428d-a9e5-a2fe32853ce1','2023-06-14 22:36:21','2023-06-14 22:36:21'),('bc74374d-d4e7-4d84-ace0-135d028b1aa7','976aa545-a6b2-4f20-b889-1ab684c30751','2023-06-14 22:36:21','2023-06-14 22:36:21'),('c7272f17-cefd-4f15-a462-7ff02c1d90a3','1f543c71-6d8e-428d-a9e5-a2fe32853ce1','2023-06-14 22:14:26','2023-06-14 22:14:26'),('c7272f17-cefd-4f15-a462-7ff02c1d90a3','976aa545-a6b2-4f20-b889-1ab684c30751','2023-06-14 22:14:26','2023-06-14 22:14:26');







